fname,time
0.mp4,2327
100.mp4,2213
1001.mp4,2287
1005.mp4,2472
1022.mp4,2458
1023.mp4,2294
1045.mp4,2321
1048.mp4,2258
1049.mp4,2639
1062.mp4,2263
1079.mp4,2360
1092.mp4,2934
1102.mp4,2405
1116.mp4,2251
1122.mp4,2251
1132.mp4,2300
1133.mp4,2079
1141.mp4,2428
1151.mp4,2284
1155.mp4,2054
1156.mp4,2025
1159.mp4,2096
1178.mp4,1974
118.mp4,2064
1180.mp4,2063
1187.mp4,1995
1201.mp4,2182
1208.mp4,2253
121.mp4,2820
1214.mp4,2477
1220.mp4,2401
1224.mp4,2168
1227.mp4,2135
123.mp4,1901
1239.mp4,2125
1243.mp4,2022
1246.mp4,2030
1247.mp4,2584
1249.mp4,2051
1255.mp4,2130
1258.mp4,1953
1259.mp4,2209
1261.mp4,2216
1266.mp4,2144
1268.mp4,2037
1271.mp4,2397
1272.mp4,2083
1276.mp4,2149
1282.mp4,2100
1284.mp4,2173
1287.mp4,2437
1291.mp4,2080
1295.mp4,2109
1298.mp4,2044
1299.mp4,2047
1305.mp4,2002
1310.mp4,2108
1311.mp4,2121
1316.mp4,2254
132.mp4,2048
1327.mp4,2155
1332.mp4,2018
1334.mp4,2171
1335.mp4,2169
1338.mp4,2486
1340.mp4,2184
1346.mp4,3090
1348.mp4,2956
1355.mp4,3057
1379.mp4,2155
1387.mp4,2162
139.mp4,2089
1391.mp4,2092
1392.mp4,2112
1393.mp4,2084
1402.mp4,2194
1405.mp4,2033
1408.mp4,2184
1414.mp4,1997
1426.mp4,2016
1429.mp4,2162
1439.mp4,2094
1440.mp4,2035
1442.mp4,2106
1451.mp4,2160
1455.mp4,2101
1462.mp4,2192
1471.mp4,2394
1474.mp4,2141
1481.mp4,2063
149.mp4,2545
1495.mp4,2067
1496.mp4,2111
1499.mp4,1975
15.mp4,2151
1502.mp4,2057
1506.mp4,2183
1511.mp4,2069
1512.mp4,2541
1514.mp4,2045
1517.mp4,2139
1519.mp4,2150
1525.mp4,2027
1527.mp4,2152
153.mp4,2139
1530.mp4,2057
1536.mp4,2185
1537.mp4,2028
1545.mp4,2289
1548.mp4,2100
1558.mp4,2059
1560.mp4,2084
1561.mp4,2019
1563.mp4,2101
1566.mp4,2058
1571.mp4,2267
158.mp4,2071
1586.mp4,2148
1589.mp4,2061
159.mp4,2155
1595.mp4,2987
160.mp4,2116
1600.mp4,2165
1613.mp4,2187
1616.mp4,2200
162.mp4,2178
1631.mp4,2225
1632.mp4,2270
1634.mp4,2265
1638.mp4,2020
1643.mp4,2072
1648.mp4,2195
1662.mp4,2192
1673.mp4,2169
1677.mp4,2067
1678.mp4,1998
1682.mp4,2142
1685.mp4,2055
1686.mp4,2068
169.mp4,1993
17.mp4,2036
1700.mp4,1970
1708.mp4,1958
1709.mp4,2261
1723.mp4,1969
174.mp4,2211
1744.mp4,2166
1745.mp4,2172
1747.mp4,2235
1753.mp4,2137
1755.mp4,2188
1759.mp4,2101
1764.mp4,2066
178.mp4,2054
1780.mp4,2103
1784.mp4,2124
1792.mp4,2583
1793.mp4,2627
1798.mp4,2136
1800.mp4,2799
1806.mp4,2278
1819.mp4,2192
1830.mp4,2148
1836.mp4,2214
184.mp4,2393
1846.mp4,2043
1847.mp4,2231
1853.mp4,2353
186.mp4,2083
1861.mp4,2607
1864.mp4,2418
1867.mp4,2536
187.mp4,2424
1878.mp4,2323
188.mp4,2756
1883.mp4,2052
1885.mp4,2063
190.mp4,2826
201.mp4,2203
202.mp4,2229
206.mp4,2011
21.mp4,2054
212.mp4,2170
214.mp4,2266
215.mp4,2324
224.mp4,2386
226.mp4,2025
228.mp4,2269
23.mp4,1934
234.mp4,2202
235.mp4,2221
237.mp4,2296
250.mp4,2291
266.mp4,2304
271.mp4,2272
278.mp4,1997
286.mp4,2174
289.mp4,2186
293.mp4,2481
297.mp4,2613
300.mp4,3496
302.mp4,1893
303.mp4,2324
311.mp4,2277
315.mp4,2384
318.mp4,2239
320.mp4,2165
330.mp4,2353
338.mp4,1998
34.mp4,2607
342.mp4,2666
358.mp4,2307
364.mp4,2076
368.mp4,2408
370.mp4,2185
377.mp4,2730
378.mp4,2495
38.mp4,2596
381.mp4,2134
387.mp4,2413
397.mp4,2130
4.mp4,2527
400.mp4,2155
404.mp4,2190
406.mp4,2149
410.mp4,2242
411.mp4,2317
412.mp4,1974
437.mp4,2206
450.mp4,2193
460.mp4,2061
466.mp4,1871
47.mp4,2192
474.mp4,1938
479.mp4,1896
482.mp4,2246
486.mp4,2000
488.mp4,1859
49.mp4,2510
496.mp4,1986
500.mp4,2015
507.mp4,1922
51.mp4,2289
510.mp4,1868
516.mp4,1896
522.mp4,2011
523.mp4,1928
527.mp4,2067
528.mp4,1939
537.mp4,2205
539.mp4,1880
542.mp4,2039
545.mp4,1956
552.mp4,2056
566.mp4,2270
567.mp4,1950
569.mp4,1869
57.mp4,1884
574.mp4,1820
578.mp4,1945
581.mp4,1873
586.mp4,1845
592.mp4,2039
60.mp4,1955
607.mp4,2066
616.mp4,1917
62.mp4,1958
621.mp4,1873
626.mp4,2045
634.mp4,1901
638.mp4,1984
64.mp4,1940
647.mp4,1895
648.mp4,1971
659.mp4,1891
660.mp4,1923
661.mp4,1931
666.mp4,1876
672.mp4,2003
677.mp4,2007
680.mp4,1899
683.mp4,2115
689.mp4,1808
696.mp4,2012
703.mp4,1891
705.mp4,2028
707.mp4,2029
708.mp4,1938
714.mp4,1863
717.mp4,2043
722.mp4,2315
724.mp4,2086
731.mp4,1907
733.mp4,2250
740.mp4,1899
748.mp4,1968
757.mp4,2058
760.mp4,1826
762.mp4,2031
766.mp4,1970
77.mp4,2008
770.mp4,2057
773.mp4,2038
776.mp4,1953
777.mp4,2079
786.mp4,2123
790.mp4,2199
794.mp4,1978
799.mp4,2212
808.mp4,2119
828.mp4,1948
830.mp4,1923
832.mp4,2184
841.mp4,2427
843.mp4,1887
853.mp4,2227
857.mp4,1933
861.mp4,2102
867.mp4,2258
872.mp4,2316
876.mp4,2317
879.mp4,2262
880.mp4,2006
881.mp4,1939
882.mp4,1952
884.mp4,1960
891.mp4,1890
892.mp4,1974
901.mp4,1991
902.mp4,2160
916.mp4,1920
917.mp4,2184
919.mp4,2058
925.mp4,1825
933.mp4,1935
935.mp4,1849
944.mp4,1941
95.mp4,1900
953.mp4,2253
957.mp4,1880
959.mp4,1954
960.mp4,1841
962.mp4,1969
965.mp4,1831
966.mp4,1917
972.mp4,2022
973.mp4,1911
979.mp4,1995
981.mp4,1824
983.mp4,1979
